id;first_name;last_name;nick_name;email
1;Ethyl;Powlowski;till Vietnam firewall;Scarlett75@hotmail.com
2;Aurore;Will;online;Camryn.Cremin29@yahoo.com
3;Tobin;Jenkins;astride;Walton85@hotmail.com
4;Earlene;Kreiger;monetize;Lavada66@gmail.com
5;Elenor;Kuvalis;bluetooth;Bryon_Schmeler29@gmail.com
6;Carleton;Stokes;withdrawal;Joyce_Schoen27@hotmail.com
7;Leann;Kulas;Nickel;Frederick_Morar@gmail.com
8;Rudolph;Pfannerstill;Fresh;Kiley_Feeney@gmail.com
9;Verla;Kub-Fisher;gadzooks;Jaylin.Russel@hotmail.com
10;Stone;O'Reilly;invoice Loan dental;Verda64@hotmail.com
